Domain,Receive_Time,Serial_#,Type,Threat/Content_Type,Config_Version,Generate_Time,Source_address,Destination_address,NAT_Source_IP,NAT_Destination_IP,Rule,Source_User,Destination_User,Application,Virtual_System,Source_Zone,Destination_Zone,Inbound_Interface,Outbound_Interface,Log_Action,Time_Logged,Session_ID,Repeat_Count,Source_Port,Destination_Port,NAT_Source_Port,NAT_Destination_Port,Flags,IP_Protocol,Action,Bytes,Bytes_Sent,Bytes_Received,Packets,Start_Time,Elapsed_Time_(sec),Category,Padding,Sequence_Number,Action_Flags,Source_Country,Destination_Country,cpadding,pkts_sent,pkts_received,session_end_reason,dg_hier_level_1,dg_hier_level_2,dg_hier_level_3,dg_hier_level_4,Virtual_System_Name,Device_Name,action_source,Source_VM_UUID,Destination_VM_UUID,Tunnel_ID/IMSI,Monitor_Tag/IMEI,Parent_Session_ID,parent_start_time,tunnel
1,5/31/17 0:39,1606050200,TRAFFIC,end,1,5/31/17 0:39,192.168.4.52,192.168.4.1,,,rule1,,,insufficient-data,vsys1,trust,untrust,ethernet1/2,ethernet1/1,JASK,5/30/17 0:39,781,1,56222,5351,0,0,0x80004019,udp,allow,568,240,328,8,5/31/17 0:38,31,any,0,15231578,0x0,192.168.0.0-192.168.255.255,192.168.0.0-192.168.255.255,0,4,4,aged-out,0,0,0,0,,PA-200,from-policy,,,0,,0,,N/A
1,5/31/17 0:39,1606050200,TRAFFIC,end,1,5/31/17 0:39,192.168.4.55,87.109.246.232,,,rule1,,,dns,vsys1,trust,untrust,ethernet1/2,ethernet1/1,JASK,5/30/17 0:39,784,1,49586,53,0,0,0x4019,udp,allow,200,100,100,2,5/31/17 0:39,0,any,0,15231577,0x0,192.168.0.0-192.168.255.255,United States,0,1,1,aged-out,0,0,0,0,,PA-200,from-policy,,,0,,0,,N/A
1,5/31/17 0:39,1606050200,TRAFFIC,end,1,5/31/17 0:39,192.168.4.55,105.27.205.34,,,rule1,,,dns,vsys1,trust,untrust,ethernet1/2,ethernet1/1,JASK,5/30/17 0:39,783,1,55175,53,0,0,0x4019,udp,block,200,100,100,2,5/31/17 0:39,0,any,0,15231576,0x0,192.168.0.0-192.168.255.255,United States,0,1,1,aged-out,0,0,0,0,,PA-200,from-policy,,,0,,0,,N/A
1,5/31/17 0:39,1606050200,TRAFFIC,end,1,5/31/17 0:39,192.168.4.49,8.8.8.8,,,rule1,,,dns,vsys1,trust,untrust,ethernet1/2,ethernet1/1,JASK,5/31/17 0:39,782,1,56369,53,0,0,0x4019,udp,allow,198,99,99,2,5/31/17 0:39,0,any,0,15231575,0x0,192.168.0.0-192.168.255.255,United States,0,1,1,aged-out,0,0,0,0,,PA-200,from-policy,,,0,,0,,N/A
1,5/31/17 0:39,1606050200,TRAFFIC,end,1,5/31/17 0:39,192.168.4.53,23.197.66.148,,,rule1,,,ssl,vsys1,trust,untrust,ethernet1/2,ethernet1/1,JASK,5/31/17 0:39,762,1,52201,443,0,0,0x4053,tcp,allow,45318,22482,22836,174,5/31/17 0:36,129,computer-and-internet-info,0,15231574,0x0,192.168.0.0-192.168.255.255,United States,0,104,70,tcp-rst-from-client,0,0,0,0,,PA-200,from-policy,,,0,,0,,N/A
1,5/31/17 0:38,1606050200,TRAFFIC,end,1,5/31/17 0:38,192.168.4.55,184.84.244.104,,,rule1,,,web-browsing,vsys1,trust,untrust,ethernet1/2,ethernet1/1,JASK,5/31/17 0:38,716,1,52197,80,0,0,0x401c,tcp,allow,2752,1370,1382,32,5/31/17 0:36,116,computer-and-internet-info,0,15231573,0x0,192.168.0.0-192.168.255.255,United States,0,17,15,tcp-fin,0,0,0,0,,PA-200,from-policy,,,0,,0,,N/A
1,5/31/17 0:38,1606050200,TRAFFIC,end,1,5/31/17 0:38,192.168.4.55,40.117.100.83,,,rule1,,,skype,vsys1,trust,untrust,ethernet1/2,ethernet1/1,JASK,5/31/17 0:38,160,1,52168,443,0,0,0x4053,tcp,allow,6968,2364,4604,18,5/31/17 0:35,120,computer-and-internet-info,0,15231572,0x0,192.168.0.0-192.168.255.255,United States,0,10,8,tcp-rst-from-server,0,0,0,0,,PA-200,from-policy,,,0,,0,,N/A
1,5/31/17 0:37,1606050200,TRAFFIC,end,1,5/31/17 0:37,192.168.4.55,40.69.219.199,,,rule1,,,skype,vsys1,trust,untrust,ethernet1/2,ethernet1/1,JASK,5/31/17 0:37,52,1,52136,443,0,0,0x4053,tcp,allow,6682,1928,4754,17,5/31/17 0:35,120,internet-communications-and-telephony,0,15231571,0x0,192.168.0.0-192.168.255.255,Ireland,0,9,8,tcp-rst-from-server,0,0,0,0,,PA-200,from-policy,,,0,,0,,N/A
1,5/31/17 0:37,1606050200,TRAFFIC,end,1,5/31/17 0:37,192.168.4.55,8.8.8.8,,,rule1,,,dns,vsys1,trust,untrust,ethernet1/2,ethernet1/1,JASK,5/31/17 0:37,778,1,56659,53,0,0,0x4019,udp,allow,190,87,103,2,5/31/17 0:36,0,any,0,15231570,0x0,192.168.0.0-192.168.255.255,United States,0,1,1,aged-out,0,0,0,0,,PA-200,from-policy,,,0,,0,,N/A
1,5/31/17 0:37,1606050200,TRAFFIC,end,1,5/31/17 0:37,192.168.4.55,96.246.158.154,,,rule1,,,dns,vsys1,trust,untrust,ethernet1/2,ethernet1/1,JASK,5/31/17 0:37,776,1,63561,53,0,0,0x4019,udp,allow,170,77,93,2,5/31/17 0:36,0,any,0,15231569,0x0,192.168.0.0-192.168.255.255,United States,0,1,1,aged-out,0,0,0,0,,PA-200,from-policy,,,0,,0,,N/A
1,5/31/17 0:37,1606050200,TRAFFIC,end,1,5/31/17 0:37,192.168.4.55,96.246.158.154,,,rule1,,,dns,vsys1,trust,untrust,ethernet1/2,ethernet1/1,JASK,5/31/17 0:37,774,1,62495,53,0,0,0x4019,udp,allow,646,257,389,5,5/31/17 0:36,0,any,0,15231568,0x0,192.168.0.0-192.168.255.255,United States,0,3,2,aged-out,0,0,0,0,,PA-200,from-policy,,,0,,0,,N/A
1,5/31/17 0:37,1606050200,TRAFFIC,end,1,5/31/17 0:37,192.168.4.55,8.8.8.8,,,rule1,,,dns,vsys1,trust,untrust,ethernet1/2,ethernet1/1,JASK,5/31/17 0:37,773,1,52278,53,0,0,0x4019,udp,allow,250,93,157,2,5/31/17 0:36,0,any,0,15231567,0x0,192.168.0.0-192.168.255.255,United States,0,1,1,aged-out,0,0,0,0,,PA-200,from-policy,,,0,,0,,N/A
1,5/31/17 0:37,1606050200,TRAFFIC,end,1,5/31/17 0:37,192.168.4.55,111.221.77.173,,,rule1,,,skype-probe,vsys1,trust,untrust,ethernet1/2,ethernet1/1,JASK,5/31/17 0:37,770,1,43507,40018,0,0,0x80004050,udp,allow,128,60,68,2,5/31/17 0:36,0,any,0,15231566,0x0,192.168.0.0-192.168.255.255,Hong Kong,0,1,1,aged-out,0,0,0,0,,PA-200,from-policy,,,0,,0,,N/A
1,5/31/17 0:37,1606050200,TRAFFIC,end,1,5/31/17 0:37,192.168.4.53,8.8.8.8,,,rule1,,,dns,vsys1,trust,untrust,ethernet1/2,ethernet1/1,JASK,5/31/17 0:37,767,1,52856,53,0,0,0x4019,udp,allow,190,87,103,2,5/31/17 0:36,0,any,0,15231565,0x0,192.168.0.0-192.168.255.255,United States,0,1,1,aged-out,0,0,0,0,,PA-200,from-policy,,,0,,0,,N/A
1,5/31/17 0:37,1606050200,TRAFFIC,end,1,5/31/17 0:37,192.168.4.49,5.152.175.57,,,rule1,,,dns,vsys1,trust,untrust,ethernet1/2,ethernet1/1,JASK,5/31/17 0:37,765,1,52648,53,0,0,0x4019,udp,allow,182,83,99,2,5/31/17 0:36,0,any,0,15231564,0x0,192.168.0.0-192.168.255.255,United States,0,1,1,aged-out,0,0,0,0,,PA-200,from-policy,,,0,,0,,N/A
1,5/31/17 0:37,1606050200,TRAFFIC,end,1,5/31/17 0:37,192.168.4.55,105.27.205.34,,,rule1,,,dns,vsys1,trust,untrust,ethernet1/2,ethernet1/1,JASK,5/31/17 0:37,763,1,50357,53,0,0,0x4019,udp,block,154,69,85,2,5/31/17 0:36,0,any,0,15231563,0x0,192.168.0.0-192.168.255.255,United States,0,1,1,aged-out,0,0,0,0,,PA-200,from-policy,,,0,,0,,N/A
1,5/31/17 0:37,1606050200,TRAFFIC,end,1,5/31/17 0:37,192.168.4.55,8.8.8.8,,,rule1,,,dns,vsys1,trust,untrust,ethernet1/2,ethernet1/1,JASK,5/31/17 0:37,761,1,65516,53,0,0,0x4019,udp,allow,238,74,164,2,5/31/17 0:36,0,any,0,15231562,0x0,192.168.0.0-192.168.255.255,United States,0,1,1,aged-out,0,0,0,0,,PA-200,from-policy,,,0,,0,,N/A
1,5/31/17 0:37,1606050200,TRAFFIC,end,1,5/31/17 0:37,192.168.4.55,8.8.8.8,,,rule1,,,dns,vsys1,trust,untrust,ethernet1/2,ethernet1/1,JASK,5/31/17 0:37,758,1,50126,53,0,0,0x4019,udp,allow,190,87,103,2,5/31/17 0:36,0,any,0,15231561,0x0,192.168.0.0-192.168.255.255,United States,0,1,1,aged-out,0,0,0,0,,PA-200,from-policy,,,0,,0,,N/A
1,5/31/17 0:37,1606050200,TRAFFIC,end,1,5/31/17 0:37,192.168.4.49,8.8.8.8,,,rule1,,,dns,vsys1,trust,untrust,ethernet1/2,ethernet1/1,JASK,5/31/17 0:37,757,1,49586,53,0,0,0x4019,udp,allow,200,100,100,2,5/31/17 0:36,0,any,0,15231560,0x0,192.168.0.0-192.168.255.255,United States,0,1,1,aged-out,0,0,0,0,,PA-200,from-policy,,,0,,0,,N/A
1,5/31/17 0:37,1606050200,TRAFFIC,end,1,5/31/17 0:37,192.168.4.55,105.27.205.34,,,rule1,,,dns,vsys1,trust,untrust,ethernet1/2,ethernet1/1,JASK,5/31/17 0:37,756,1,55175,53,0,0,0x4019,udp,block,200,100,100,2,5/31/17 0:36,0,any,0,15231559,0x0,192.168.0.0-192.168.255.255,United States,0,1,1,aged-out,0,0,0,0,,PA-200,from-policy,,,0,,0,,N/A
1,5/31/17 0:37,1606050200,TRAFFIC,end,1,5/31/17 0:37,192.168.4.49,8.8.8.8,,,rule1,,,dns,vsys1,trust,untrust,ethernet1/2,ethernet1/1,JASK,5/31/17 0:37,755,1,56369,53,0,0,0x4019,udp,allow,198,99,99,2,5/31/17 0:36,0,any,0,15231558,0x0,192.168.0.0-192.168.255.255,United States,0,1,1,aged-out,0,0,0,0,,PA-200,from-policy,,,0,,0,,N/A
1,5/31/17 0:37,1606050200,TRAFFIC,end,1,5/31/17 0:37,192.168.4.55,8.8.8.8,,,rule1,,,dns,vsys1,trust,untrust,ethernet1/2,ethernet1/1,JASK,5/31/17 0:37,753,1,56887,53,0,0,0x4019,udp,allow,172,78,94,2,5/31/17 0:36,0,any,0,15231557,0x0,192.168.0.0-192.168.255.255,United States,0,1,1,aged-out,0,0,0,0,,PA-200,from-policy,,,0,,0,,N/A
1,5/31/17 0:37,1606050200,TRAFFIC,end,1,5/31/17 0:37,192.168.4.55,87.109.246.232,,,rule1,,,skype-probe,vsys1,trust,untrust,ethernet1/2,ethernet1/1,JASK,5/31/17 0:37,743,1,43507,40036,0,0,0x4050,udp,allow,1229,864,365,6,5/31/17 0:36,1,any,0,15231556,0x0,192.168.0.0-192.168.255.255,United States,0,3,3,aged-out,0,0,0,0,,PA-200,from-policy,,,0,,0,,N/A
1,5/31/17 0:37,1606050200,TRAFFIC,end,1,5/31/17 0:37,192.168.4.55,151.101.2.2,,,rule1,,,meetup-base,vsys1,trust,untrust,ethernet1/2,ethernet1/1,JASK,5/31/17 0:37,172,1,52174,443,0,0,0x4053,tcp,allow,16778,2405,14373,45,5/31/17 0:35,71,business-and-economy,0,15231555,0x0,192.168.0.0-192.168.255.255,United States,0,24,21,tcp-rst-from-client,0,0,0,0,,PA-200,from-policy,,,0,,0,,N/A
1,5/31/17 0:37,1606050200,TRAFFIC,end,1,5/31/17 0:37,192.168.4.55,151.101.2.2,,,rule1,,,meetup-base,vsys1,trust,untrust,ethernet1/2,ethernet1/1,JASK,5/31/17 0:37,169,1,52173,443,0,0,0x4053,tcp,allow,21514,8497,13017,57,5/31/17 0:35,72,business-and-economy,0,15231554,0x0,192.168.0.0-192.168.255.255,United States,0,31,26,tcp-rst-from-client,0,0,0,0,,PA-200,from-policy,,,0,,0,,N/A
1,5/31/17 0:37,1606050200,TRAFFIC,end,1,5/31/17 0:37,192.168.4.53,151.101.2.2,,,rule1,,,meetup-base,vsys1,trust,untrust,ethernet1/2,ethernet1/1,JASK,5/31/17 0:37,158,1,52166,443,0,0,0x4053,tcp,allow,138668,6469,132199,187,5/31/17 0:35,71,business-and-economy,0,15231553,0x0,192.168.0.0-192.168.255.255,United States,0,82,105,tcp-rst-from-client,0,0,0,0,,PA-200,from-policy,,,0,,0,,N/A
1,5/31/17 0:37,1606050200,TRAFFIC,end,1,5/31/17 0:37,192.168.4.55,184.84.244.113,,,rule1,,,ssl,vsys1,trust,untrust,ethernet1/2,ethernet1/1,JASK,5/31/17 0:37,167,1,52172,443,0,0,0x401c,tcp,allow,7326,2085,5241,36,5/31/17 0:35,71,content-delivery-networks,0,15231552,0x0,192.168.0.0-192.168.255.255,United States,0,20,16,tcp-rst-from-client,0,0,0,0,,PA-200,from-policy,,,0,,0,,N/A
1,5/31/17 0:37,1606050200,TRAFFIC,end,1,5/31/17 0:37,192.168.4.55,173.222.177.219,,,rule1,,,ssl,vsys1,trust,untrust,ethernet1/2,ethernet1/1,JASK,5/31/17 0:37,181,1,52179,443,0,0,0x4053,tcp,allow,10261,2791,7470,43,5/31/17 0:35,70,business-and-economy,0,15231551,0x0,192.168.0.0-192.168.255.255,United States,0,24,19,tcp-rst-from-client,0,0,0,0,,PA-200,from-policy,,,0,,0,,N/A
1,5/31/17 0:37,1606050200,TRAFFIC,end,1,5/31/17 0:37,192.168.4.55,157.55.235.149,,,rule1,,,skype-probe,vsys1,trust,untrust,ethernet1/2,ethernet1/1,JASK,5/31/17 0:37,744,1,43507,40011,0,0,0x4050,udp,allow,237,174,63,2,5/31/17 0:36,0,any,0,15231550,0x0,192.168.0.0-192.168.255.255,Ireland,0,1,1,aged-out,0,0,0,0,,PA-200,from-policy,,,0,,0,,N/A
1,5/31/17 0:37,1606050200,TRAFFIC,end,1,5/31/17 0:37,192.168.4.55,157.55.235.162,,,rule1,,,skype-probe,vsys1,trust,untrust,ethernet1/2,ethernet1/1,JASK,5/31/17 0:37,740,1,43507,40031,0,0,0x4050,udp,allow,237,174,63,2,5/31/17 0:36,0,any,0,15231549,0x0,192.168.0.0-192.168.255.255,Ireland,0,1,1,aged-out,0,0,0,0,,PA-200,from-policy,,,0,,0,,N/A
1,5/31/17 0:37,1606050200,TRAFFIC,end,1,5/31/17 0:37,192.168.4.55,13.107.42.12,,,rule1,,,skype-probe,vsys1,trust,untrust,ethernet1/2,ethernet1/1,JASK,5/31/17 0:37,737,1,43507,40028,0,0,0x4050,udp,allow,236,173,63,2,5/31/17 0:36,0,any,0,15231548,0x0,192.168.0.0-192.168.255.255,United States,0,1,1,aged-out,0,0,0,0,,PA-200,from-policy,,,0,,0,,N/A
1,5/31/17 0:37,1606050200,TRAFFIC,end,1,5/31/17 0:37,192.168.4.53,157.56.52.13,,,rule1,,,skype-probe,vsys1,trust,untrust,ethernet1/2,ethernet1/1,JASK,5/31/17 0:37,734,1,43507,40010,0,0,0x4050,udp,allow,139,77,62,2,5/31/17 0:36,0,any,0,15231547,0x0,192.168.0.0-192.168.255.255,United States,0,1,1,aged-out,0,0,0,0,,PA-200,from-policy,,,0,,0,,N/A
1,5/31/17 0:37,1606050200,TRAFFIC,end,1,5/31/17 0:37,192.168.4.49,157.55.130.151,,,rule1,,,skype-probe,vsys1,trust,untrust,ethernet1/2,ethernet1/1,JASK,5/31/17 0:37,731,1,43507,40023,0,0,0x4050,udp,allow,137,75,62,2,5/31/17 0:36,0,any,0,15231546,0x0,192.168.0.0-192.168.255.255,United States,0,1,1,aged-out,0,0,0,0,,PA-200,from-policy,,,0,,0,,N/A
1,5/31/17 0:37,1606050200,TRAFFIC,end,1,5/31/17 0:37,192.168.4.55,65.55.223.22,,,rule1,,,skype-probe,vsys1,trust,untrust,ethernet1/2,ethernet1/1,JASK,5/31/17 0:37,728,1,43507,40035,0,0,0x4050,udp,allow,556,77,479,2,5/31/17 0:36,0,any,0,15231545,0x0,192.168.0.0-192.168.255.255,United States,0,1,1,aged-out,0,0,0,0,,PA-200,from-policy,,,0,,0,,N/A
1,5/31/17 0:37,1606050200,TRAFFIC,end,1,5/31/17 0:37,192.168.4.55,65.55.223.12,,,rule1,,,skype-probe,vsys1,trust,untrust,ethernet1/2,ethernet1/1,JASK,5/31/17 0:37,725,1,43507,40019,0,0,0x4050,udp,allow,601,76,525,2,5/31/17 0:36,0,any,0,15231544,0x0,192.168.0.0-192.168.255.255,United States,0,1,1,aged-out,0,0,0,0,,PA-200,from-policy,,,0,,0,,N/A
1,5/31/17 0:37,1606050200,TRAFFIC,end,1,5/31/17 0:37,192.168.4.55,111.221.77.155,,,rule1,,,skype-probe,vsys1,trust,untrust,ethernet1/2,ethernet1/1,JASK,5/31/17 0:37,722,1,43507,40021,0,0,0x4050,udp,allow,1434,78,1356,2,5/31/17 0:36,0,any,0,15231543,0x0,192.168.0.0-192.168.255.255,Hong Kong,0,1,1,aged-out,0,0,0,0,,PA-200,from-policy,,,0,,0,,N/A
1,5/31/17 0:37,1606050200,TRAFFIC,end,1,5/31/17 0:37,192.168.4.55,173.222.177.45,,,rule1,,,apple-maps,vsys1,trust,untrust,ethernet1/2,ethernet1/1,JASK,5/31/17 0:37,596,1,52181,443,0,0,0x4053,tcp,allow,7776,2249,5527,38,5/31/17 0:35,67,computer-and-internet-info,0,15231542,0x0,192.168.0.0-192.168.255.255,United States,0,21,17,tcp-rst-from-client,0,0,0,0,,PA-200,from-policy,,,0,,0,,N/A
1,5/31/17 0:36,1606050200,TRAFFIC,end,1,5/31/17 0:36,192.168.4.53,64.12.245.38,,,rule1,,,ssl,vsys1,trust,untrust,ethernet1/2,ethernet1/1,JASK,5/31/17 0:36,139,1,52155,443,0,0,0x4053,tcp,allow,10140,3676,6464,40,5/31/17 0:35,66,business-and-economy,0,15231541,0x0,192.168.0.0-192.168.255.255,United States,0,22,18,tcp-fin,0,0,0,0,,PA-200,from-policy,,,0,,0,,N/A
1,5/31/17 0:36,1606050200,TRAFFIC,end,1,5/31/17 0:36,192.168.4.55,216.58.219.70,,,rule1,,,google-base,vsys1,trust,untrust,ethernet1/2,ethernet1/1,JASK,5/31/17 0:36,173,1,52175,443,0,0,0x4053,tcp,allow,7098,1666,5432,22,5/31/17 0:35,64,web-advertisements,0,15231540,0x0,192.168.0.0-192.168.255.255,United States,0,13,9,tcp-fin,0,0,0,0,,PA-200,from-policy,,,0,,0,,N/A
1,5/31/17 0:36,1606050200,TRAFFIC,end,1,5/31/17 0:36,192.168.4.55,216.58.192.102,,,rule1,,,google-base,vsys1,trust,untrust,ethernet1/2,ethernet1/1,JASK,5/31/17 0:36,175,1,52176,443,0,0,0x4053,tcp,allow,6614,1607,5007,23,5/31/17 0:35,64,web-advertisements,0,15231539,0x0,192.168.0.0-192.168.255.255,United States,0,13,10,tcp-fin,0,0,0,0,,PA-200,from-policy,,,0,,0,,N/A
1,5/31/17 0:36,1606050200,TRAFFIC,end,1,5/31/17 0:36,192.168.4.55,192.229.173.242,,,rule1,,,ssl,vsys1,trust,untrust,ethernet1/2,ethernet1/1,JASK,5/31/17 0:36,177,1,52177,443,0,0,0x401c,tcp,allow,8138,1832,6306,25,5/31/17 0:35,64,content-delivery-networks,0,15231538,0x0,192.168.0.0-192.168.255.255,United States,0,14,11,tcp-fin,0,0,0,0,,PA-200,from-policy,,,0,,0,,N/A
1,5/31/17 0:36,1606050200,TRAFFIC,end,1,5/31/17 0:36,192.168.4.53,204.79.197.200,,,rule1,,,ssl,vsys1,trust,untrust,ethernet1/2,ethernet1/1,JASK,5/31/17 0:36,123,1,52152,443,0,0,0x4053,tcp,allow,12491,3157,9334,35,5/31/17 0:35,66,search-engines,0,15231537,0x0,192.168.0.0-192.168.255.255,United States,0,17,18,tcp-fin,0,0,0,0,,PA-200,from-policy,,,0,,0,,N/A
1,5/31/17 0:36,1606050200,TRAFFIC,end,1,5/31/17 0:36,192.168.4.55,204.79.197.200,,,rule1,,,ssl,vsys1,trust,untrust,ethernet1/2,ethernet1/1,JASK,5/31/17 0:36,180,1,52178,443,0,0,0x401c,tcp,allow,10953,2012,8941,31,5/31/17 0:35,64,search-engines,0,15231536,0x0,192.168.0.0-192.168.255.255,United States,0,15,16,tcp-fin,0,0,0,0,,PA-200,from-policy,,,0,,0,,N/A
1,5/31/17 0:36,1606050200,TRAFFIC,end,1,5/31/17 0:36,192.168.4.55,52.5.86.135,,,rule1,,,ssl,vsys1,trust,untrust,ethernet1/2,ethernet1/1,JASK,5/31/17 0:36,157,1,52165,443,0,0,0x401c,tcp,allow,7753,1944,5809,28,5/31/17 0:35,60,business-and-economy,0,15231535,0x0,192.168.0.0-192.168.255.255,United States,0,16,12,tcp-fin,0,0,0,0,,PA-200,from-policy,,,0,,0,,N/A
1,5/31/17 0:36,1606050200,TRAFFIC,end,1,5/31/17 0:36,192.168.4.55,151.52.12.188,,,rule1,,,skype-probe,vsys1,trust,untrust,ethernet1/2,ethernet1/1,JASK,5/31/17 0:36,719,1,43507,7560,0,0,0x4050,udp,allow,128,60,68,2,5/31/17 0:36,0,any,0,15231534,0x0,192.168.0.0-192.168.255.255,Italy,0,1,1,aged-out,0,0,0,0,,PA-200,from-policy,,,0,,0,,N/A
1,5/31/17 0:36,1606050200,TRAFFIC,end,1,5/31/17 0:36,192.168.4.55,13.107.42.12,,,rule1,,,dns,vsys1,trust,untrust,ethernet1/2,ethernet1/1,JASK,5/31/17 0:36,718,1,63893,53,0,0,0x4019,udp,allow,255,91,164,2,5/31/17 0:36,0,any,0,15231533,0x0,192.168.0.0-192.168.255.255,United States,0,1,1,aged-out,0,0,0,0,,PA-200,from-policy,,,0,,0,,N/A
1,5/31/17 0:36,1606050200,TRAFFIC,end,1,5/31/17 0:36,192.168.4.55,8.8.8.8,,,rule1,,,dns,vsys1,trust,untrust,ethernet1/2,ethernet1/1,JASK,5/31/17 0:36,717,1,56051,53,0,0,0x4019,udp,allow,255,91,164,2,5/31/17 0:36,0,any,0,15231532,0x0,192.168.0.0-192.168.255.255,United States,0,1,1,aged-out,0,0,0,0,,PA-200,from-policy,,,0,,0,,N/A
1,5/31/17 0:36,1606050200,TRAFFIC,end,1,5/31/17 0:36,192.168.4.55,13.107.42.12,,,rule1,,,dns,vsys1,trust,untrust,ethernet1/2,ethernet1/1,JASK,5/31/17 0:36,714,1,17628,53,0,0,0x4019,udp,allow,243,81,162,2,5/31/17 0:36,1,any,0,15231531,0x0,192.168.0.0-192.168.255.255,United States,0,1,1,aged-out,0,0,0,0,,PA-200,from-policy,,,0,,0,,N/A
1,5/31/17 0:36,1606050200,TRAFFIC,end,1,5/31/17 0:36,192.168.4.55,185.56.175.122,,,rule1,,,dns,vsys1,trust,untrust,ethernet1/2,ethernet1/1,JASK,5/31/17 0:36,707,1,53658,53,0,0,0x4019,udp,allow,214,75,139,2,5/31/17 0:36,1,any,0,15231530,0x0,192.168.0.0-192.168.255.255,United States,0,1,1,aged-out,0,0,0,0,,PA-200,from-policy,,,0,,0,,N/A
1,5/31/17 0:36,1606050200,TRAFFIC,end,1,5/31/17 0:36,192.168.4.49,8.8.8.8,,,rule1,,,dns,vsys1,trust,untrust,ethernet1/2,ethernet1/1,JASK,5/31/17 0:36,706,1,57528,53,0,0,0x4019,udp,allow,200,100,100,2,5/31/17 0:36,0,any,0,15231529,0x0,192.168.0.0-192.168.255.255,United States,0,1,1,aged-out,0,0,0,0,,PA-200,from-policy,,,0,,0,,N/A
1,5/31/17 0:36,1606050200,TRAFFIC,end,1,5/31/17 0:36,192.168.4.55,185.56.175.122,,,rule1,,,dns,vsys1,trust,untrust,ethernet1/2,ethernet1/1,JASK,5/31/17 0:36,699,1,16461,53,0,0,0x4019,udp,allow,243,85,158,2,5/31/17 0:36,0,any,0,15231528,0x0,192.168.0.0-192.168.255.255,United States,0,1,1,aged-out,0,0,0,0,,PA-200,from-policy,,,0,,0,,N/A
1,5/31/17 0:36,1606050200,TRAFFIC,end,1,5/31/17 0:36,192.168.4.53,8.8.8.8,,,rule1,,,dns,vsys1,trust,untrust,ethernet1/2,ethernet1/1,JASK,5/31/17 0:36,700,1,41758,53,0,0,0x4019,udp,allow,245,86,159,2,5/31/17 0:36,0,any,0,15231527,0x0,192.168.0.0-192.168.255.255,United States,0,1,1,aged-out,0,0,0,0,,PA-200,from-policy,,,0,,0,,N/A
1,5/31/17 0:36,1606050200,TRAFFIC,end,1,5/31/17 0:36,192.168.4.55,8.8.8.8,,,rule1,,,dns,vsys1,trust,untrust,ethernet1/2,ethernet1/1,JASK,5/31/17 0:36,701,1,49847,53,0,0,0x4019,udp,allow,257,92,165,2,5/31/17 0:36,0,any,0,15231526,0x0,192.168.0.0-192.168.255.255,United States,0,1,1,aged-out,0,0,0,0,,PA-200,from-policy,,,0,,0,,N/A
1,5/31/17 0:36,1606050200,TRAFFIC,end,1,5/31/17 0:36,192.168.4.55,8.8.8.8,,,rule1,,,dns,vsys1,trust,untrust,ethernet1/2,ethernet1/1,JASK,5/31/17 0:36,702,1,64776,53,0,0,0x4019,udp,allow,257,92,165,2,5/31/17 0:36,0,any,0,15231525,0x0,192.168.0.0-192.168.255.255,United States,0,1,1,aged-out,0,0,0,0,,PA-200,from-policy,,,0,,0,,N/A
1,5/31/17 0:36,1606050200,TRAFFIC,end,1,5/31/17 0:36,192.168.4.53,105.27.205.34,,,rule1,,,dns,vsys1,trust,untrust,ethernet1/2,ethernet1/1,JASK,5/31/17 0:36,703,1,62182,53,0,0,0x4019,udp,allow,245,86,159,2,5/31/17 0:36,0,block,0,15231524,0x0,192.168.0.0-192.168.255.255,United States,0,1,1,aged-out,0,0,0,0,,PA-200,from-policy,,,0,,0,,N/A
1,5/31/17 0:36,1606050200,TRAFFIC,end,1,5/31/17 0:36,192.168.4.55,105.27.205.34,,,rule1,,,dns,vsys1,trust,untrust,ethernet1/2,ethernet1/1,JASK,5/31/17 0:36,704,1,62398,53,0,0,0x4019,udp,allow,243,85,158,2,5/31/17 0:36,0,any,0,15231523,0x0,192.168.0.0-192.168.255.255,United States,0,1,1,aged-out,0,0,0,0,,PA-200,from-policy,,,0,,0,,N/A
1,5/31/17 0:36,1606050200,TRAFFIC,end,1,5/31/17 0:36,192.168.4.55,8.8.8.8,,,rule1,,,dns,vsys1,trust,untrust,ethernet1/2,ethernet1/1,JASK,5/31/17 0:36,705,1,63656,53,0,0,0x4019,udp,allow,202,101,101,2,5/31/17 0:36,0,any,0,15231522,0x0,192.168.0.0-192.168.255.255,United States,0,1,1,aged-out,0,0,0,0,,PA-200,from-policy,,,0,,0,,N/A
1,5/31/17 0:36,1606050200,TRAFFIC,end,1,5/31/17 0:36,192.168.4.55,105.27.205.34,,,rule1,,,dns,vsys1,trust,untrust,ethernet1/2,ethernet1/1,JASK,5/31/17 0:36,692,1,64453,53,0,0,0x4019,udp,block,202,101,101,2,5/31/17 0:36,1,any,0,15231521,0x0,192.168.0.0-192.168.255.255,United States,0,1,1,aged-out,0,0,0,0,,PA-200,from-policy,,,0,,0,,N/A
1,5/31/17 0:36,1606050200,TRAFFIC,end,1,5/31/17 0:36,192.168.4.53,8.8.8.8,,,rule1,,,dns,vsys1,trust,untrust,ethernet1/2,ethernet1/1,JASK,5/31/17 0:36,693,1,64971,53,0,0,0x4019,udp,allow,204,102,102,2,5/31/17 0:36,1,any,0,15231520,0x0,192.168.0.0-192.168.255.255,United States,0,1,1,aged-out,0,0,0,0,,PA-200,from-policy,,,0,,0,,N/A
1,5/31/17 0:36,1606050200,TRAFFIC,end,1,5/31/17 0:36,192.168.4.55,8.8.8.8,,,rule1,,,dns,vsys1,trust,untrust,ethernet1/2,ethernet1/1,JASK,5/31/17 0:36,698,1,51407,53,0,0,0x4019,udp,allow,188,78,110,2,5/31/17 0:36,0,any,0,15231519,0x0,192.168.0.0-192.168.255.255,United States,0,1,1,aged-out,0,0,0,0,,PA-200,from-policy,,,0,,0,,N/A
1,5/31/17 0:36,1606050200,TRAFFIC,end,1,5/31/17 0:36,192.168.4.55,192.168.4.1,,,rule1,,,insufficient-data,vsys1,trust,untrust,ethernet1/2,ethernet1/1,JASK,5/31/17 0:36,691,1,49404,5351,0,0,0x4019,udp,allow,568,240,328,8,5/31/17 0:36,2,any,0,15231518,0x0,192.168.0.0-192.168.255.255,192.168.0.0-192.168.255.255,0,4,4,aged-out,0,0,0,0,,PA-200,from-policy,,,0,,0,,N/A
1,5/31/17 0:36,1606050200,TRAFFIC,end,1,5/31/17 0:36,192.168.4.55,64.4.23.144,,,rule1,,,skype-probe,vsys1,trust,untrust,ethernet1/2,ethernet1/1,JASK,5/31/17 0:36,668,1,43507,40016,0,0,0x4050,udp,allow,1023,73,950,2,5/31/17 0:36,1,any,0,15231517,0x0,192.168.0.0-192.168.255.255,United States,0,1,1,aged-out,0,0,0,0,,PA-200,from-policy,,,0,,0,,N/A
1,5/31/17 0:36,1606050200,TRAFFIC,end,1,5/31/17 0:36,192.168.4.53,157.55.56.144,,,rule1,,,skype-probe,vsys1,trust,untrust,ethernet1/2,ethernet1/1,JASK,5/31/17 0:36,673,1,43507,40016,0,0,0x4050,udp,allow,1161,151,1010,4,5/31/17 0:36,1,any,0,15231516,0x0,192.168.0.0-192.168.255.255,United States,0,2,2,aged-out,0,0,0,0,,PA-200,from-policy,,,0,,0,,N/A
1,5/31/17 0:36,1606050200,TRAFFIC,end,1,5/31/17 0:36,192.168.4.55,157.55.235.176,,,rule1,,,skype-probe,vsys1,trust,untrust,ethernet1/2,ethernet1/1,JASK,5/31/17 0:36,674,1,43507,40019,0,0,0x4050,udp,allow,1023,73,950,2,5/31/17 0:36,1,any,0,15231515,0x0,192.168.0.0-192.168.255.255,Ireland,0,1,1,aged-out,0,0,0,0,,PA-200,from-policy,,,0,,0,,N/A
1,5/31/17 0:36,1606050200,TRAFFIC,end,1,5/31/17 0:36,192.168.4.55,157.55.130.150,,,rule1,,,skype-probe,vsys1,trust,untrust,ethernet1/2,ethernet1/1,JASK,5/31/17 0:36,681,1,43507,40035,0,0,0x4050,udp,allow,270,176,94,2,5/31/17 0:36,1,any,0,15231514,0x0,192.168.0.0-192.168.255.255,United States,0,1,1,aged-out,0,0,0,0,,PA-200,from-policy,,,0,,0,,N/A
1,5/31/17 0:36,1606050200,TRAFFIC,end,1,5/31/17 0:36,192.168.4.52,111.221.77.164,,,rule1,,,skype-probe,vsys1,trust,untrust,ethernet1/2,ethernet1/1,JASK,5/31/17 0:36,686,1,43507,40027,0,0,0x4050,udp,allow,135,73,62,2,5/31/17 0:36,0,any,0,15231513,0x0,192.168.0.0-192.168.255.255,Hong Kong,0,1,1,aged-out,0,0,0,0,,PA-200,from-policy,,,0,,0,,N/A
1,5/31/17 0:36,1606050200,TRAFFIC,end,1,5/31/17 0:36,192.168.4.55,157.55.235.159,,,rule1,,,skype-probe,vsys1,trust,untrust,ethernet1/2,ethernet1/1,JASK,5/31/17 0:36,358,1,43507,40017,0,0,0x4050,udp,allow,715,529,186,6,5/31/17 0:35,26,any,0,15231512,0x0,192.168.0.0-192.168.255.255,Ireland,0,3,3,aged-out,0,0,0,0,,PA-200,from-policy,,,0,,0,,N/A
1,5/31/17 0:36,1606050200,TRAFFIC,end,1,5/31/17 0:36,192.168.4.49,157.55.130.143,,,rule1,,,skype-probe,vsys1,trust,untrust,ethernet1/2,ethernet1/1,JASK,5/31/17 0:36,667,1,43507,40008,0,0,0x4050,udp,allow,1103,77,1026,2,5/31/17 0:36,0,any,0,15231511,0x0,192.168.0.0-192.168.255.255,United States,0,1,1,aged-out,0,0,0,0,,PA-200,from-policy,,,0,,0,,N/A
1,5/31/17 0:36,1606050200,TRAFFIC,end,1,5/31/17 0:36,192.168.4.52,157.56.52.45,,,rule1,,,skype-probe,vsys1,trust,untrust,ethernet1/2,ethernet1/1,JASK,5/31/17 0:36,643,1,43507,40031,0,0,0x4050,udp,allow,559,75,484,2,5/31/17 0:36,1,any,0,15231510,0x0,192.168.0.0-192.168.255.255,United States,0,1,1,aged-out,0,0,0,0,,PA-200,from-policy,,,0,,0,,N/A
1,5/31/17 0:36,1606050200,TRAFFIC,end,1,5/31/17 0:36,192.168.4.55,157.55.56.166,,,rule1,,,skype-probe,vsys1,trust,untrust,ethernet1/2,ethernet1/1,JASK,5/31/17 0:36,644,1,43507,40029,0,0,0x4050,udp,allow,137,75,62,2,5/31/17 0:36,1,any,0,15231509,0x0,192.168.0.0-192.168.255.255,United States,0,1,1,aged-out,0,0,0,0,,PA-200,from-policy,,,0,,0,,N/A
1,5/31/17 0:36,1606050200,TRAFFIC,end,1,5/31/17 0:36,192.168.4.55,157.56.52.41,,,rule1,,,skype-probe,vsys1,trust,untrust,ethernet1/2,ethernet1/1,JASK,5/31/17 0:36,647,1,43507,40019,0,0,0x4050,udp,allow,143,81,62,2,5/31/17 0:36,1,any,0,15231508,0x0,192.168.0.0-192.168.255.255,United States,0,1,1,aged-out,0,0,0,0,,PA-200,from-policy,,,0,,0,,N/A
1,5/31/17 0:36,1606050200,TRAFFIC,end,1,5/31/17 0:36,192.168.4.55,36.66.188.251,,,rule1,,,skype-probe,vsys1,trust,untrust,ethernet1/2,ethernet1/1,JASK,5/31/17 0:36,650,1,43507,40033,0,0,0x4050,udp,allow,137,75,62,2,5/31/17 0:36,1,any,0,15231507,0x0,192.168.0.0-192.168.255.255,United States,0,1,1,aged-out,0,0,0,0,,PA-200,from-policy,,,0,,0,,N/A
1,5/31/17 0:36,1606050200,TRAFFIC,end,1,5/31/17 0:36,192.168.4.55,65.55.223.15,,,rule1,,,skype-probe,vsys1,trust,untrust,ethernet1/2,ethernet1/1,JASK,5/31/17 0:36,653,1,43507,40027,0,0,0x4050,udp,allow,140,78,62,2,5/31/17 0:36,1,any,0,15231506,0x0,192.168.0.0-192.168.255.255,United States,0,1,1,aged-out,0,0,0,0,,PA-200,from-policy,,,0,,0,,N/A
1,5/31/17 0:36,1606050200,TRAFFIC,end,1,5/31/17 0:36,192.168.4.55,157.55.235.155,,,rule1,,,skype-probe,vsys1,trust,untrust,ethernet1/2,ethernet1/1,JASK,5/31/17 0:36,656,1,43507,40011,0,0,0x4050,udp,allow,136,74,62,2,5/31/17 0:36,1,any,0,15231505,0x0,192.168.0.0-192.168.255.255,Ireland,0,1,1,aged-out,0,0,0,0,,PA-200,from-policy,,,0,,0,,N/A
1,5/31/17 0:36,1606050200,TRAFFIC,end,1,5/31/17 0:36,192.168.4.55,65.55.223.44,,,rule1,,,skype-probe,vsys1,trust,untrust,ethernet1/2,ethernet1/1,JASK,5/31/17 0:36,659,1,43507,40004,0,0,0x4050,udp,allow,138,76,62,2,5/31/17 0:36,1,any,0,15231504,0x0,192.168.0.0-192.168.255.255,United States,0,1,1,aged-out,0,0,0,0,,PA-200,from-policy,,,0,,0,,N/A
1,5/31/17 0:36,1606050200,TRAFFIC,end,1,5/31/17 0:36,192.168.4.52,111.221.77.147,,,rule1,,,skype-probe,vsys1,trust,untrust,ethernet1/2,ethernet1/1,JASK,5/31/17 0:36,664,1,43507,40030,0,0,0x4050,udp,allow,236,173,63,2,5/31/17 0:36,0,any,0,15231503,0x0,192.168.0.0-192.168.255.255,Hong Kong,0,1,1,aged-out,0,0,0,0,,PA-200,from-policy,,,0,,0,,N/A
1,5/31/17 0:36,1606050200,TRAFFIC,end,1,5/31/17 0:36,192.168.4.55,68.67.178.111,,,rule1,,,ssl,vsys1,trust,untrust,ethernet1/2,ethernet1/1,JASK,5/31/17 0:36,164,1,52170,443,0,0,0x401c,tcp,allow,6185,4741,1444,33,5/31/17 0:35,40,business-and-economy,0,15231502,0x0,192.168.0.0-192.168.255.255,United States,0,26,7,tcp-rst-from-client,0,0,0,0,,PA-200,from-policy,,,0,,0,,N/A
1,5/31/17 0:36,1606050200,TRAFFIC,end,1,5/31/17 0:36,192.168.4.55,162.125.18.133,,,rule1,,,dropbox-base,vsys1,trust,untrust,ethernet1/2,ethernet1/1,JASK,5/31/17 0:36,54,1,52138,443,0,0,0x4053,tcp,allow,8376,2779,5597,32,5/31/17 0:35,42,online-storage-and-backup,0,15231501,0x0,192.168.0.0-192.168.255.255,United States,0,17,15,tcp-rst-from-client,0,0,0,0,,PA-200,from-policy,,,0,,0,,N/A
1,5/31/17 0:36,1606050200,TRAFFIC,end,1,5/31/17 0:36,192.168.4.52,162.125.18.133,,,rule1,,,dropbox-base,vsys1,trust,untrust,ethernet1/2,ethernet1/1,JASK,5/31/17 0:36,53,1,52137,443,0,0,0x4053,tcp,allow,8010,2413,5597,32,5/31/17 0:35,42,online-storage-and-backup,0,15231500,0x0,192.168.0.0-192.168.255.255,United States,0,17,15,tcp-rst-from-client,0,0,0,0,,PA-200,from-policy,,,0,,0,,N/A
1,5/31/17 0:36,1606050200,TRAFFIC,end,1,5/31/17 0:36,192.168.4.55,64.4.23.141,,,rule1,,,skype-probe,vsys1,trust,untrust,ethernet1/2,ethernet1/1,JASK,5/31/17 0:36,634,1,43507,40026,0,0,0x4050,udp,allow,136,74,62,2,5/31/17 0:35,1,any,0,15231499,0x0,192.168.0.0-192.168.255.255,United States,0,1,1,aged-out,0,0,0,0,,PA-200,from-policy,,,0,,0,,N/A
1,5/31/17 0:36,1606050200,TRAFFIC,end,1,5/31/17 0:36,192.168.4.52,68.67.178.111,,,rule1,,,ssl,vsys1,trust,untrust,ethernet1/2,ethernet1/1,JASK,5/31/17 0:36,159,1,52167,443,0,0,0x401c,tcp,allow,10280,4014,6266,40,5/31/17 0:35,39,business-and-economy,0,15231498,0x0,192.168.0.0-192.168.255.255,United States,0,29,11,tcp-rst-from-client,0,0,0,0,,PA-200,from-policy,,,0,,0,,N/A
1,5/31/17 0:36,1606050200,TRAFFIC,end,1,5/31/17 0:36,192.168.4.52,65.55.223.19,,,rule1,,,skype-probe,vsys1,trust,untrust,ethernet1/2,ethernet1/1,JASK,5/31/17 0:36,640,1,43507,40013,0,0,0x4050,udp,allow,137,75,62,2,5/31/17 0:35,0,any,0,15231497,0x0,192.168.0.0-192.168.255.255,United States,0,1,1,aged-out,0,0,0,0,,PA-200,from-policy,,,0,,0,,N/A
1,5/31/17 0:36,1606050200,TRAFFIC,end,1,5/31/17 0:36,192.168.4.55,157.55.130.141,,,rule1,,,skype-probe,vsys1,trust,untrust,ethernet1/2,ethernet1/1,JASK,5/31/17 0:36,635,1,43507,40010,0,0,0x4050,udp,allow,142,80,62,2,5/31/17 0:35,0,any,0,15231496,0x0,192.168.0.0-192.168.255.255,United States,0,1,1,aged-out,0,0,0,0,,PA-200,from-policy,,,0,,0,,N/A
1,5/31/17 0:36,1606050200,TRAFFIC,end,1,5/31/17 0:36,192.168.4.55,157.55.130.147,,,rule1,,,skype-probe,vsys1,trust,untrust,ethernet1/2,ethernet1/1,JASK,5/31/17 0:36,631,1,43507,40030,0,0,0x4050,udp,allow,136,74,62,2,5/31/17 0:35,0,any,0,15231495,0x0,192.168.0.0-192.168.255.255,United States,0,1,1,aged-out,0,0,0,0,,PA-200,from-policy,,,0,,0,,N/A
1,5/31/17 0:36,1606050200,TRAFFIC,end,1,5/31/17 0:36,192.168.4.55,68.67.180.138,,,rule1,,,ssl,vsys1,trust,untrust,ethernet1/2,ethernet1/1,JASK,5/31/17 0:36,137,1,52154,443,0,0,0x401c,tcp,allow,16314,3996,12318,50,5/31/17 0:35,38,web-advertisements,0,15231494,0x0,192.168.0.0-192.168.255.255,Singapore,0,33,17,tcp-rst-from-client,0,0,0,0,,PA-200,from-policy,,,0,,0,,N/A
1,5/31/17 0:36,1606050200,TRAFFIC,end,1,5/31/17 0:36,192.168.4.52,23.219.126.55,,,rule1,,,skype,vsys1,trust,untrust,ethernet1/2,ethernet1/1,JASK,5/31/17 0:36,79,1,52140,443,0,0,0x4053,tcp,allow,12823,4961,7862,44,5/31/17 0:35,38,internet-communications-and-telephony,0,15231493,0x0,192.168.0.0-192.168.255.255,United States,0,24,20,tcp-rst-from-client,0,0,0,0,,PA-200,from-policy,,,0,,0,,N/A
1,5/31/17 0:36,1606050200,TRAFFIC,end,1,5/31/17 0:36,192.168.4.55,23.219.126.55,,,rule1,,,skype,vsys1,trust,untrust,ethernet1/2,ethernet1/1,JASK,5/31/17 0:36,112,1,52145,443,0,0,0x4053,tcp,allow,3778,2369,1409,30,5/31/17 0:35,37,internet-communications-and-telephony,0,15231492,0x0,192.168.0.0-192.168.255.255,United States,0,17,13,tcp-rst-from-client,0,0,0,0,,PA-200,from-policy,,,0,,0,,N/A
1,5/31/17 0:36,1606050200,TRAFFIC,end,1,5/31/17 0:36,192.168.4.55,151.101.1.108,,,rule1,,,ssl,vsys1,trust,untrust,ethernet1/2,ethernet1/1,JASK,5/31/17 0:36,133,1,52153,443,0,0,0x4053,tcp,allow,35511,2925,32586,69,5/31/17 0:35,37,business-and-economy,0,15231491,0x0,192.168.0.0-192.168.255.255,United States,0,34,35,tcp-rst-from-client,0,0,0,0,,PA-200,from-policy,,,0,,0,,N/A
1,5/31/17 0:36,1606050200,TRAFFIC,end,1,5/31/17 0:36,192.168.4.52,68.67.178.132,,,rule1,,,ssl,vsys1,trust,untrust,ethernet1/2,ethernet1/1,JASK,5/31/17 0:36,165,1,52171,443,0,0,0x4053,tcp,allow,11044,3579,7465,43,5/31/17 0:35,36,business-and-economy,0,15231490,0x0,192.168.0.0-192.168.255.255,United States,0,31,12,tcp-rst-from-client,0,0,0,0,,PA-200,from-policy,,,0,,0,,N/A
1,5/31/17 0:36,1606050200,TRAFFIC,end,1,5/31/17 0:36,192.168.4.55,104.244.42.2,,,rule1,,,twitter-base,vsys1,trust,untrust,ethernet1/2,ethernet1/1,JASK,5/31/17 0:36,147,1,52160,443,0,0,0x4053,tcp,allow,9387,3546,5841,47,5/31/17 0:35,34,social-networking,0,15231489,0x0,192.168.0.0-192.168.255.255,United States,0,28,19,tcp-rst-from-client,0,0,0,0,,PA-200,from-policy,,,0,,0,,N/A
1,5/31/17 0:36,1606050200,TRAFFIC,end,1,5/31/17 0:36,192.168.4.55,176.78.108.235,,,rule1,,,twitter-base,vsys1,trust,untrust,ethernet1/2,ethernet1/1,JASK,5/31/17 0:36,143,1,52156,443,0,0,0x4053,tcp,allow,93756,19729,74027,345,5/31/17 0:35,34,social-networking,0,15231488,0x0,192.168.0.0-192.168.255.255,United States,0,171,174,tcp-rst-from-client,0,0,0,0,,PA-200,from-policy,,,0,,0,,N/A
1,5/31/17 0:36,1606050200,TRAFFIC,end,1,5/31/17 0:36,192.168.4.49,199.16.156.71,,,rule1,,,twitter-base,vsys1,trust,untrust,ethernet1/2,ethernet1/1,JASK,5/31/17 0:36,111,1,52144,443,0,0,0x4053,tcp,allow,20681,16955,3726,81,5/31/17 0:35,35,social-networking,0,15231487,0x0,192.168.0.0-192.168.255.255,United States,0,47,34,tcp-rst-from-client,0,0,0,0,,PA-200,from-policy,,,0,,0,,N/A
1,5/31/17 0:36,1606050200,TRAFFIC,end,1,5/31/17 0:36,192.168.4.55,104.244.42.2,,,rule1,,,twitter-base,vsys1,trust,untrust,ethernet1/2,ethernet1/1,JASK,5/31/17 0:36,146,1,52159,443,0,0,0x4053,tcp,allow,2043,1240,803,18,5/31/17 0:35,33,social-networking,0,15231486,0x0,192.168.0.0-192.168.255.255,United States,0,10,8,tcp-fin,0,0,0,0,,PA-200,from-policy,,,0,,0,,N/A
1,5/31/17 0:36,1606050200,TRAFFIC,end,1,5/31/17 0:36,192.168.4.55,190.237.241.197,,,rule1,,,skype-probe,vsys1,trust,untrust,ethernet1/2,ethernet1/1,JASK,5/31/17 0:36,69,1,43507,32692,0,0,0x4050,udp,allow,300,300,0,5,5/31/17 0:35,20,any,0,15231485,0x0,192.168.0.0-192.168.255.255,Peru,0,5,0,aged-out,0,0,0,0,,PA-200,from-policy,,,0,,0,,N/A
1,5/31/17 0:36,1606050200,TRAFFIC,end,1,5/31/17 0:36,192.168.4.55,74.15.250.12,,,rule1,,,skype-probe,vsys1,trust,untrust,ethernet1/2,ethernet1/1,JASK,5/31/17 0:36,626,1,43507,55883,0,0,0x4050,udp,allow,60,60,0,1,5/31/17 0:35,0,any,0,15231484,0x0,192.168.0.0-192.168.255.255,Canada,0,1,0,aged-out,0,0,0,0,,PA-200,from-policy,,,0,,0,,N/A
1,5/31/17 0:36,1606050200,TRAFFIC,end,1,5/31/17 0:36,192.168.4.55,162.125.18.133,,,rule1,,,incomplete,vsys1,trust,untrust,ethernet1/2,ethernet1/1,JASK,5/31/17 0:36,694,1,52183,443,0,0,0x401a,tcp,allow,480,258,222,7,5/31/17 0:36,3,any,0,15231483,0x0,192.168.0.0-192.168.255.255,United States,0,4,3,tcp-rst-from-client,0,0,0,0,,PA-200,from-policy,,,0,,0,,N/A
1,5/31/17 0:36,1606050200,TRAFFIC,end,1,5/31/17 0:36,192.168.4.55,162.125.18.133,,,rule1,,,incomplete,vsys1,trust,untrust,ethernet1/2,ethernet1/1,JASK,5/31/17 0:36,695,1,52184,443,0,0,0x401a,tcp,allow,480,258,222,7,5/31/17 0:36,3,any,0,15231482,0x0,192.168.0.0-192.168.255.255,United States,0,4,3,tcp-rst-from-client,0,0,0,0,,PA-200,from-policy,,,0,,0,,N/A
1,5/31/17 0:36,1606050200,TRAFFIC,end,1,5/31/17 0:36,192.168.4.55,184.84.244.129,,,rule1,,,web-browsing,vsys1,trust,untrust,ethernet1/2,ethernet1/1,JASK,5/31/17 0:36,97,1,52143,80,0,0,0x401c,tcp,allow,8703,791,7912,18,5/31/17 0:35,31,computer-and-internet-info,0,15231481,0x0,192.168.0.0-192.168.255.255,United States,0,9,9,tcp-fin,0,0,0,0,,PA-200,from-policy,,,0,,0,,N/A
1,5/31/17 0:36,1606050200,TRAFFIC,end,1,5/31/17 0:36,192.168.4.55,204.79.197.200,,,rule1,,,ssl,vsys1,trust,untrust,ethernet1/2,ethernet1/1,JASK,5/31/17 0:36,122,1,52151,443,0,0,0x401c,tcp,allow,10582,1995,8587,30,5/31/17 0:35,30,search-engines,0,15231480,0x0,192.168.0.0-192.168.255.255,United States,0,15,15,tcp-fin,0,0,0,0,,PA-200,from-policy,,,0,,0,,N/A
1,5/31/17 0:36,1606050200,TRAFFIC,end,1,5/31/17 0:36,192.168.4.55,204.79.197.200,,,rule1,,,ssl,vsys1,trust,untrust,ethernet1/2,ethernet1/1,JASK,5/31/17 0:36,116,1,52148,443,0,0,0x401c,tcp,allow,10667,2014,8653,31,5/31/17 0:35,30,search-engines,0,15231479,0x0,192.168.0.0-192.168.255.255,United States,0,15,16,tcp-fin,0,0,0,0,,PA-200,from-policy,,,0,,0,,N/A
1,5/31/17 0:36,1606050200,TRAFFIC,end,1,5/31/17 0:36,192.168.4.55,40.117.100.83,,,rule1,,,skype,vsys1,trust,untrust,ethernet1/2,ethernet1/1,JASK,5/31/17 0:36,117,1,52149,443,0,0,0x4053,tcp,allow,10647,3630,7017,28,5/31/17 0:35,30,internet-communications-and-telephony,0,15231478,0x0,192.168.0.0-192.168.255.255,United States,0,17,11,tcp-fin,0,0,0,0,,PA-200,from-policy,,,0,,0,,N/A
1,5/31/17 0:36,1606050200,TRAFFIC,end,1,5/31/17 0:36,192.168.4.55,65.52.108.11,,,rule1,,,skype,vsys1,trust,untrust,ethernet1/2,ethernet1/1,JASK,5/31/17 0:36,113,1,52146,443,0,0,0x4053,tcp,allow,7453,2268,5185,23,5/31/17 0:35,30,internet-communications-and-telephony,0,15231477,0x0,192.168.0.0-192.168.255.255,United States,0,14,9,tcp-fin,0,0,0,0,,PA-200,from-policy,,,0,,0,,N/A
1,5/31/17 0:36,1606050200,TRAFFIC,end,1,5/31/17 0:36,192.168.4.55,184.84.244.105,,,rule1,,,web-browsing,vsys1,trust,untrust,ethernet1/2,ethernet1/1,JASK,5/31/17 0:36,91,1,52141,80,0,0,0x401c,tcp,allow,8839,791,8048,20,5/31/17 0:35,31,computer-and-internet-info,0,15231476,0x0,192.168.0.0-192.168.255.255,United States,0,9,11,tcp-fin,0,0,0,0,,PA-200,from-policy,,,0,,0,,N/A
1,5/31/17 0:36,1606050200,TRAFFIC,end,1,5/31/17 0:36,192.168.4.52,176.78.108.235,,,rule1,,,skype-probe,vsys1,trust,untrust,ethernet1/2,ethernet1/1,JASK,5/31/17 0:36,619,1,43507,40027,0,0,0x4050,udp,allow,239,176,63,2,5/31/17 0:35,0,any,0,15231475,0x0,192.168.0.0-192.168.255.255,United States,0,1,1,aged-out,0,0,0,0,,PA-200,from-policy,,,0,,0,,N/A
1,5/31/17 0:36,1606050200,TRAFFIC,end,1,5/31/17 0:36,192.168.4.55,185.7.214.212,,,rule1,,,skype-probe,vsys1,trust,untrust,ethernet1/2,ethernet1/1,JASK,5/31/17 0:36,618,1,43507,40029,0,0,0x4050,udp,allow,240,177,63,2,5/31/17 0:35,0,any,0,15231474,0x0,192.168.0.0-192.168.255.255,United States,0,1,1,aged-out,0,0,0,0,,PA-200,from-policy,,,0,,0,,N/A
1,5/31/17 0:36,1606050200,TRAFFIC,end,1,5/31/17 0:36,192.168.4.55,157.55.235.164,,,rule1,,,skype-probe,vsys1,trust,untrust,ethernet1/2,ethernet1/1,JASK,5/31/17 0:36,615,1,43507,40008,0,0,0x4050,udp,allow,1100,80,1020,2,5/31/17 0:35,0,any,0,15231473,0x0,192.168.0.0-192.168.255.255,Ireland,0,1,1,aged-out,0,0,0,0,,PA-200,from-policy,,,0,,0,,N/A
1,5/31/17 0:36,1606050200,TRAFFIC,end,1,5/31/17 0:36,192.168.4.55,36.66.188.251,,,rule1,,,skype-probe,vsys1,trust,untrust,ethernet1/2,ethernet1/1,JASK,5/31/17 0:36,612,1,43507,40026,0,0,0x4050,udp,allow,234,171,63,2,5/31/17 0:35,0,any,0,15231472,0x0,192.168.0.0-192.168.255.255,Ireland,0,1,1,aged-out,0,0,0,0,,PA-200,from-policy,,,0,,0,,N/A
1,5/31/17 0:36,1606050200,TRAFFIC,end,1,5/31/17 0:36,192.168.4.52,157.55.130.146,,,rule1,,,skype-probe,vsys1,trust,untrust,ethernet1/2,ethernet1/1,JASK,5/31/17 0:36,609,1,43507,40015,0,0,0x4050,udp,allow,552,75,477,2,5/31/17 0:35,0,any,0,15231471,0x0,192.168.0.0-192.168.255.255,United States,0,1,1,aged-out,0,0,0,0,,PA-200,from-policy,,,0,,0,,N/A
1,5/31/17 0:36,1606050200,TRAFFIC,end,1,5/31/17 0:36,192.168.4.55,111.221.77.156,,,rule1,,,skype-probe,vsys1,trust,untrust,ethernet1/2,ethernet1/1,JASK,5/31/17 0:36,601,1,43507,40022,0,0,0x4050,udp,allow,567,73,494,2,5/31/17 0:35,1,any,0,15231470,0x0,192.168.0.0-192.168.255.255,Hong Kong,0,1,1,aged-out,0,0,0,0,,PA-200,from-policy,,,0,,0,,N/A
1,5/31/17 0:36,1606050200,TRAFFIC,end,1,5/31/17 0:36,192.168.4.52,64.4.23.157,,,rule1,,,skype-probe,vsys1,trust,untrust,ethernet1/2,ethernet1/1,JASK,5/31/17 0:36,604,1,43507,40010,0,0,0x4050,udp,allow,269,171,98,2,5/31/17 0:35,0,any,0,15231469,0x0,192.168.0.0-192.168.255.255,United States,0,1,1,aged-out,0,0,0,0,,PA-200,from-policy,,,0,,0,,N/A
1,5/31/17 0:36,1606050200,TRAFFIC,end,1,5/31/17 0:36,192.168.4.55,17.173.254.223,,,rule1,,,facetime,vsys1,trust,untrust,ethernet1/2,ethernet1/1,JASK,5/31/17 0:36,61,1,16403,16386,0,0,0x405e,udp,allow,480,240,240,8,5/31/17 0:35,7,any,0,15231468,0x0,192.168.0.0-192.168.255.255,United States,0,4,4,aged-out,0,0,0,0,,PA-200,from-policy,,,0,,0,,N/A
1,5/31/17 0:36,1606050200,TRAFFIC,end,1,5/31/17 0:36,192.168.4.55,17.173.254.222,,,rule1,,,facetime,vsys1,trust,untrust,ethernet1/2,ethernet1/1,JASK,5/31/17 0:36,60,1,16403,16385,0,0,0x405e,udp,allow,480,240,240,8,5/31/17 0:35,7,any,0,15231467,0x0,192.168.0.0-192.168.255.255,United States,0,4,4,aged-out,0,0,0,0,,PA-200,from-policy,,,0,,0,,N/A
1,5/31/17 0:36,1606050200,TRAFFIC,end,1,5/31/17 0:36,192.168.4.55,17.173.254.222,,,rule1,,,facetime,vsys1,trust,untrust,ethernet1/2,ethernet1/1,JASK,5/31/17 0:36,59,1,16403,16384,0,0,0x405e,udp,allow,600,300,300,10,5/31/17 0:35,7,any,0,15231466,0x0,192.168.0.0-192.168.255.255,United States,0,5,5,aged-out,0,0,0,0,,PA-200,from-policy,,,0,,0,,N/A
1,5/31/17 0:36,1606050200,TRAFFIC,end,1,5/31/17 0:36,192.168.4.55,111.221.77.141,,,rule1,,,skype-probe,vsys1,trust,untrust,ethernet1/2,ethernet1/1,JASK,5/31/17 0:36,575,1,43507,40035,0,0,0x4050,udp,allow,137,75,62,2,5/31/17 0:35,1,any,0,15231465,0x0,192.168.0.0-192.168.255.255,Hong Kong,0,1,1,aged-out,0,0,0,0,,PA-200,from-policy,,,0,,0,,N/A
1,5/31/17 0:36,1606050200,TRAFFIC,end,1,5/31/17 0:36,192.168.4.55,64.4.23.140,,,rule1,,,skype-probe,vsys1,trust,untrust,ethernet1/2,ethernet1/1,JASK,5/31/17 0:36,581,1,43507,40022,0,0,0x4050,udp,allow,854,689,165,4,5/31/17 0:35,1,any,0,15231464,0x0,192.168.0.0-192.168.255.255,United States,0,2,2,aged-out,0,0,0,0,,PA-200,from-policy,,,0,,0,,N/A
1,5/31/17 0:36,1606050200,TRAFFIC,end,1,5/31/17 0:36,192.168.4.55,157.55.130.149,,,rule1,,,skype-probe,vsys1,trust,untrust,ethernet1/2,ethernet1/1,JASK,5/31/17 0:36,587,1,43507,40022,0,0,0x4050,udp,allow,1154,859,295,6,5/31/17 0:35,1,any,0,15231463,0x0,192.168.0.0-192.168.255.255,United States,0,3,3,aged-out,0,0,0,0,,PA-200,from-policy,,,0,,0,,N/A
1,5/31/17 0:36,1606050200,TRAFFIC,end,1,5/31/17 0:36,192.168.4.55,5.152.175.57,,,rule1,,,dns,vsys1,trust,untrust,ethernet1/2,ethernet1/1,JASK,5/31/17 0:36,595,1,54880,53,0,0,0x4019,udp,allow,261,82,179,2,5/31/17 0:35,0,any,0,15231462,0x0,192.168.0.0-192.168.255.255,United States,0,1,1,aged-out,0,0,0,0,,PA-200,from-policy,,,0,,0,,N/A
1,5/31/17 0:36,1606050200,TRAFFIC,end,1,5/31/17 0:36,192.168.4.55,157.55.56.153,,,rule1,,,skype-probe,vsys1,trust,untrust,ethernet1/2,ethernet1/1,JASK,5/31/17 0:36,586,1,43507,40030,0,0,0x4050,udp,allow,295,172,123,2,5/31/17 0:35,0,any,0,15231461,0x0,192.168.0.0-192.168.255.255,United States,0,1,1,aged-out,0,0,0,0,,PA-200,from-policy,,,0,,0,,N/A
1,5/31/17 0:36,1606050200,TRAFFIC,end,1,5/31/17 0:36,192.168.4.55,65.55.223.40,,,rule1,,,skype-probe,vsys1,trust,untrust,ethernet1/2,ethernet1/1,JASK,5/31/17 0:36,580,1,43507,40026,0,0,0x4050,udp,allow,273,173,100,2,5/31/17 0:35,0,any,0,15231460,0x0,192.168.0.0-192.168.255.255,United States,0,1,1,aged-out,0,0,0,0,,PA-200,from-policy,,,0,,0,,N/A
1,5/31/17 0:36,1606050200,TRAFFIC,end,1,5/31/17 0:36,192.168.4.55,65.55.223.15,,,rule1,,,skype-probe,vsys1,trust,untrust,ethernet1/2,ethernet1/1,JASK,5/31/17 0:36,572,1,43507,40016,0,0,0x4050,udp,allow,961,74,887,2,5/31/17 0:35,0,any,0,15231459,0x0,192.168.0.0-192.168.255.255,United States,0,1,1,aged-out,0,0,0,0,,PA-200,from-policy,,,0,,0,,N/A
1,5/31/17 0:36,1606050200,TRAFFIC,end,1,5/31/17 0:36,192.168.4.55,65.55.223.13,,,rule1,,,skype-probe,vsys1,trust,untrust,ethernet1/2,ethernet1/1,JASK,5/31/17 0:36,569,1,43507,40020,0,0,0x4050,udp,allow,138,76,62,2,5/31/17 0:35,0,any,0,15231458,0x0,192.168.0.0-192.168.255.255,United States,0,1,1,aged-out,0,0,0,0,,PA-200,from-policy,,,0,,0,,N/A
1,5/31/17 0:36,1606050200,TRAFFIC,end,1,5/31/17 0:36,192.168.4.55,157.55.56.160,,,rule1,,,skype-probe,vsys1,trust,untrust,ethernet1/2,ethernet1/1,JASK,6/1/17 0:36,566,1,43507,40021,0,0,0x4050,udp,allow,136,74,62,2,5/31/17 0:35,0,any,0,15231457,0x0,192.168.0.0-192.168.255.255,United States,0,1,1,aged-out,0,0,0,0,,PA-200,from-policy,,,0,,0,,N/A
1,5/31/17 0:36,1606050200,TRAFFIC,end,1,5/31/17 0:36,192.168.4.55,157.55.56.140,,,rule1,,,skype-probe,vsys1,trust,untrust,ethernet1/2,ethernet1/1,JASK,6/1/17 0:36,565,1,43507,40027,0,0,0x4050,udp,allow,584,73,511,2,5/31/17 0:35,0,any,0,15231456,0x0,192.168.0.0-192.168.255.255,United States,0,1,1,aged-out,0,0,0,0,,PA-200,from-policy,,,0,,0,,N/A
1,5/31/17 0:36,1606050200,TRAFFIC,end,1,5/31/17 0:36,192.168.4.55,96.246.158.154,,,rule1,,,dns,vsys1,trust,untrust,ethernet1/2,ethernet1/1,JASK,6/1/17 0:36,562,1,60090,53,0,0,0x4019,udp,allow,223,74,149,2,5/31/17 0:35,0,any,0,15231455,0x0,192.168.0.0-192.168.255.255,United States,0,1,1,aged-out,0,0,0,0,,PA-200,from-policy,,,0,,0,,N/A
1,5/31/17 0:36,1606050200,TRAFFIC,end,1,5/31/17 0:36,192.168.4.55,157.55.130.151,,,rule1,,,skype-probe,vsys1,trust,untrust,ethernet1/2,ethernet1/1,JASK,6/1/17 0:36,411,1,43507,40019,0,0,0x4050,udp,allow,243,180,63,2,5/31/17 0:35,0,any,0,15231454,0x0,192.168.0.0-192.168.255.255,United States,0,1,1,aged-out,0,0,0,0,,PA-200,from-policy,,,0,,0,,N/A
1,5/31/17 0:36,1606050200,TRAFFIC,end,1,5/31/17 0:36,192.168.4.55,157.55.130.149,,,rule1,,,skype-probe,vsys1,trust,untrust,ethernet1/2,ethernet1/1,JASK,6/1/17 0:36,406,1,43507,40018,0,0,0x4050,udp,allow,279,181,98,2,5/31/17 0:35,0,any,0,15231453,0x0,192.168.0.0-192.168.255.255,United States,0,1,1,aged-out,0,0,0,0,,PA-200,from-policy,,,0,,0,,N/A
1,5/31/17 0:36,1606050200,TRAFFIC,end,1,5/31/17 0:36,192.168.4.55,64.4.23.167,,,rule1,,,skype-probe,vsys1,trust,untrust,ethernet1/2,ethernet1/1,JASK,6/1/17 0:36,403,1,43507,40028,0,0,0x4050,udp,allow,236,173,63,2,5/31/17 0:35,0,any,0,15231452,0x0,192.168.0.0-192.168.255.255,United States,0,1,1,aged-out,0,0,0,0,,PA-200,from-policy,,,0,,0,,N/A
1,5/31/17 0:36,1606050200,TRAFFIC,end,1,5/31/17 0:36,192.168.4.55,157.55.130.143,,,rule1,,,skype-probe,vsys1,trust,untrust,ethernet1/2,ethernet1/1,JASK,6/1/17 0:36,400,1,43507,40001,0,0,0x4050,udp,allow,235,172,63,2,5/31/17 0:35,0,any,0,15231451,0x0,192.168.0.0-192.168.255.255,United States,0,1,1,aged-out,0,0,0,0,,PA-200,from-policy,,,0,,0,,N/A
1,5/31/17 0:36,1606050200,TRAFFIC,end,1,5/31/17 0:36,192.168.4.55,157.56.52.22,,,rule1,,,skype-probe,vsys1,trust,untrust,ethernet1/2,ethernet1/1,JASK,6/1/17 0:36,396,1,43507,40001,0,0,0x4050,udp,allow,476,350,126,4,5/31/17 0:35,0,any,0,15231450,0x0,192.168.0.0-192.168.255.255,United States,0,2,2,aged-out,0,0,0,0,,PA-200,from-policy,,,0,,0,,N/A
1,5/31/17 0:36,1606050200,TRAFFIC,end,1,5/31/17 0:36,192.168.4.55,157.56.52.14,,,rule1,,,skype-probe,vsys1,trust,untrust,ethernet1/2,ethernet1/1,JASK,6/1/17 0:36,391,1,43507,40018,0,0,0x4050,udp,allow,138,76,62,2,5/31/17 0:35,0,any,0,15231449,0x0,192.168.0.0-192.168.255.255,United States,0,1,1,aged-out,0,0,0,0,,PA-200,from-policy,,,0,,0,,N/A
1,5/31/17 0:36,1606050200,TRAFFIC,end,1,5/31/17 0:36,192.168.4.55,157.56.52.31,,,rule1,,,skype-probe,vsys1,trust,untrust,ethernet1/2,ethernet1/1,JASK,6/1/17 0:36,525,1,43507,40016,0,0,0x4050,udp,allow,137,75,62,2,5/31/17 0:35,0,any,0,15231448,0x0,192.168.0.0-192.168.255.255,United States,0,1,1,aged-out,0,0,0,0,,PA-200,from-policy,,,0,,0,,N/A
1,5/31/17 0:36,1606050200,TRAFFIC,end,1,5/31/17 0:36,192.168.4.55,157.55.130.165,,,rule1,,,skype-probe,vsys1,trust,untrust,ethernet1/2,ethernet1/1,JASK,6/1/17 0:36,522,1,43507,40024,0,0,0x4050,udp,allow,552,75,477,2,5/31/17 0:35,0,any,0,15231447,0x0,192.168.0.0-192.168.255.255,United States,0,1,1,aged-out,0,0,0,0,,PA-200,from-policy,,,0,,0,,N/A
1,5/31/17 0:36,1606050200,TRAFFIC,end,1,5/31/17 0:36,192.168.4.55,157.55.56.146,,,rule1,,,skype-probe,vsys1,trust,untrust,ethernet1/2,ethernet1/1,JASK,6/1/17 0:36,521,1,43507,40026,0,0,0x4050,udp,allow,137,75,62,2,5/31/17 0:35,0,any,0,15231446,0x0,192.168.0.0-192.168.255.255,United States,0,1,1,aged-out,0,0,0,0,,PA-200,from-policy,,,0,,0,,N/A
1,5/31/17 0:36,1606050200,TRAFFIC,end,1,5/31/17 0:36,192.168.4.55,157.55.130.176,,,rule1,,,skype-probe,vsys1,trust,untrust,ethernet1/2,ethernet1/1,JASK,6/2/17 0:36,516,1,43507,40028,0,0,0x4050,udp,allow,138,76,62,2,5/31/17 0:35,0,any,0,15231445,0x0,192.168.0.0-192.168.255.255,United States,0,1,1,aged-out,0,0,0,0,,PA-200,from-policy,,,0,,0,,N/A
1,5/31/17 0:36,1606050200,TRAFFIC,end,1,5/31/17 0:36,192.168.4.55,64.4.23.170,,,rule1,,,skype-probe,vsys1,trust,untrust,ethernet1/2,ethernet1/1,JASK,6/2/17 0:36,515,1,43507,40015,0,0,0x4050,udp,allow,601,76,525,2,5/31/17 0:35,0,any,0,15231444,0x0,192.168.0.0-192.168.255.255,United States,0,1,1,aged-out,0,0,0,0,,PA-200,from-policy,,,0,,0,,N/A
1,5/31/17 0:36,1606050200,TRAFFIC,end,1,5/31/17 0:36,192.168.4.55,65.55.223.46,,,rule1,,,skype-probe,vsys1,trust,untrust,ethernet1/2,ethernet1/1,JASK,6/2/17 0:36,512,1,43507,40032,0,0,0x4050,udp,allow,137,75,62,2,5/31/17 0:35,0,any,0,15231443,0x0,192.168.0.0-192.168.255.255,United States,0,1,1,aged-out,0,0,0,0,,PA-200,from-policy,,,0,,0,,N/A
1,5/31/17 0:36,1606050200,TRAFFIC,end,1,5/31/17 0:36,192.168.4.55,157.55.130.144,,,rule1,,,skype-probe,vsys1,trust,untrust,ethernet1/2,ethernet1/1,JASK,6/2/17 0:36,505,1,43507,40013,0,0,0x4050,udp,allow,137,75,62,2,5/31/17 0:35,0,any,0,15231442,0x0,192.168.0.0-192.168.255.255,United States,0,1,1,aged-out,0,0,0,0,,PA-200,from-policy,,,0,,0,,N/A
1,5/31/17 0:36,1606050200,TRAFFIC,end,1,5/31/17 0:36,192.168.4.55,111.221.77.172,,,rule1,,,skype-probe,vsys1,trust,untrust,ethernet1/2,ethernet1/1,JASK,6/2/17 0:36,502,1,43507,40025,0,0,0x4050,udp,allow,138,76,62,2,5/31/17 0:35,0,any,0,15231441,0x0,192.168.0.0-192.168.255.255,Hong Kong,0,1,1,aged-out,0,0,0,0,,PA-200,from-policy,,,0,,0,,N/A
1,5/31/17 0:36,1606050200,TRAFFIC,end,1,5/31/17 0:36,192.168.4.55,111.221.77.141,,,rule1,,,skype-probe,vsys1,trust,untrust,ethernet1/2,ethernet1/1,JASK,6/2/17 0:36,501,1,43507,40034,0,0,0x4050,udp,allow,137,75,62,2,5/31/17 0:35,0,any,0,15231440,0x0,192.168.0.0-192.168.255.255,Hong Kong,0,1,1,aged-out,0,0,0,0,,PA-200,from-policy,,,0,,0,,N/A
1,5/31/17 0:36,1606050200,TRAFFIC,end,1,5/31/17 0:36,192.168.4.55,157.56.52.44,,,rule1,,,skype-probe,vsys1,trust,untrust,ethernet1/2,ethernet1/1,JASK,6/2/17 0:36,494,1,43507,40001,0,0,0x4050,udp,allow,138,76,62,2,5/31/17 0:35,0,any,0,15231439,0x0,192.168.0.0-192.168.255.255,United States,0,1,1,aged-out,0,0,0,0,,PA-200,from-policy,,,0,,0,,N/A
1,5/31/17 0:36,1606050200,TRAFFIC,end,1,5/31/17 0:36,192.168.4.55,36.66.188.251,,,rule1,,,skype-probe,vsys1,trust,untrust,ethernet1/2,ethernet1/1,JASK,6/2/17 0:36,493,1,43507,40028,0,0,0x4050,udp,allow,145,83,62,2,5/31/17 0:35,0,any,0,15231438,0x0,192.168.0.0-192.168.255.255,Hong Kong,0,1,1,aged-out,0,0,0,0,,PA-200,from-policy,,,0,,0,,N/A
1,5/31/17 0:36,1606050200,TRAFFIC,end,1,5/31/17 0:36,192.168.4.55,157.55.130.146,,,rule1,,,skype-probe,vsys1,trust,untrust,ethernet1/2,ethernet1/1,JASK,6/2/17 0:36,488,1,43507,40032,0,0,0x4050,udp,allow,279,185,94,2,5/31/17 0:35,0,any,0,15231437,0x0,192.168.0.0-192.168.255.255,United States,0,1,1,aged-out,0,0,0,0,,PA-200,from-policy,,,0,,0,,N/A
1,5/31/17 0:36,1606050200,TRAFFIC,end,1,5/31/17 0:36,192.168.4.55,185.7.214.212,,,rule1,,,skype-probe,vsys1,trust,untrust,ethernet1/2,ethernet1/1,JASK,6/2/17 0:36,487,1,43507,40035,0,0,0x4050,udp,allow,244,181,63,2,5/31/17 0:35,0,any,0,15231436,0x0,192.168.0.0-192.168.255.255,Hong Kong,0,1,1,aged-out,0,0,0,0,,PA-200,from-policy,,,0,,0,,N/A
1,5/31/17 0:36,1606050200,TRAFFIC,end,1,5/31/17 0:36,192.168.4.55,157.56.52.15,,,rule1,,,skype-probe,vsys1,trust,untrust,ethernet1/2,ethernet1/1,JASK,6/2/17 0:36,482,1,43507,40005,0,0,0x4050,udp,allow,139,77,62,2,5/31/17 0:35,0,any,0,15231435,0x0,192.168.0.0-192.168.255.255,United States,0,1,1,aged-out,0,0,0,0,,PA-200,from-policy,,,0,,0,,N/A
1,5/31/17 0:36,1606050200,TRAFFIC,end,1,5/31/17 0:36,192.168.4.55,157.55.130.150,,,rule1,,,skype-probe,vsys1,trust,untrust,ethernet1/2,ethernet1/1,JASK,6/2/17 0:36,481,1,43507,40030,0,0,0x4050,udp,allow,138,76,62,2,5/31/17 0:35,0,any,0,15231434,0x0,192.168.0.0-192.168.255.255,United States,0,1,1,aged-out,0,0,0,0,,PA-200,from-policy,,,0,,0,,N/A
1,5/31/17 0:36,1606050200,TRAFFIC,end,1,5/31/17 0:36,192.168.4.52,111.221.77.170,,,rule1,,,skype-probe,vsys1,trust,untrust,ethernet1/2,ethernet1/1,JASK,6/2/17 0:36,478,1,43507,40011,0,0,0x4050,udp,allow,1268,76,1192,2,5/31/17 0:35,0,any,0,15231433,0x0,192.168.0.0-192.168.255.255,Hong Kong,0,1,1,aged-out,0,0,0,0,,PA-200,from-policy,,,0,,0,,N/A
1,5/31/17 0:36,1606050200,TRAFFIC,end,1,5/31/17 0:36,192.168.4.55,176.78.108.235,,,rule1,,,skype-probe,vsys1,trust,untrust,ethernet1/2,ethernet1/1,JASK,6/2/17 0:36,475,1,43507,40029,0,0,0x4050,udp,allow,620,75,545,2,5/31/17 0:35,0,any,0,15231432,0x0,192.168.0.0-192.168.255.255,Hong Kong,0,1,1,aged-out,0,0,0,0,,PA-200,from-policy,,,0,,0,,N/A
1,5/31/17 0:36,1606050200,TRAFFIC,end,1,5/31/17 0:36,192.168.4.55,36.66.188.251,,,rule1,,,skype-probe,vsys1,trust,untrust,ethernet1/2,ethernet1/1,JASK,6/2/17 0:36,472,1,43507,40004,0,0,0x4050,udp,allow,239,176,63,2,5/31/17 0:35,0,any,0,15231431,0x0,192.168.0.0-192.168.255.255,United States,0,1,1,aged-out,0,0,0,0,,PA-200,from-policy,,,0,,0,,N/A
1,5/31/17 0:36,1606050200,TRAFFIC,end,1,5/31/17 0:36,192.168.4.52,5.152.175.57,,,rule1,,,skype-probe,vsys1,trust,untrust,ethernet1/2,ethernet1/1,JASK,6/2/17 0:36,469,1,43507,40006,0,0,0x4050,udp,allow,143,81,62,2,5/31/17 0:35,0,any,0,15231430,0x0,192.168.0.0-192.168.255.255,United States,0,1,1,aged-out,0,0,0,0,,PA-200,from-policy,,,0,,0,,N/A